<?xml version="1.0" encoding="utf-8"?>
<extension 
	type="module" 
	version="3.0" 
	client="administrator" 
	method="upgrade">
	<name>FlexiContent Admin Dashboard</name>
	<author>Berges Yannick</author>
	<creationDate>juin 2014</creationDate>
	<authorEmail>yannick@com3elles.com</authorEmail>
	<authorUrl>www.com3elles.com</authorUrl>
	<version>0.4.0</version>
	<copyright>Copyright (C) 2005 - 2014 Open Source Matters. All rights reserved.</copyright>
	<license>GNU General Public License version 2 or later; see LICENSE.txt</license>
	<description>FLEXI_ADMIN_DESC</description>
	<files>
		<filename module="mod_flexiadmin">mod_flexiadmin.php</filename>
		<folder>tmpl</folder>
		<folder>language</folder>
		<folder>assets</folder>
		<folder>elements</folder>
		<filename>helper.php</filename>
		<filename>index.html</filename>
	<filename>mod_flexiadmin.xml</filename>
	</files>
	<languages folder="language">
		<language tag="en-GB">en-GB/en-GB.mod_flexiadmin.ini</language>
		<language tag="fr-FR">fr-FR/fr-FR.mod_flexiadmin.ini</language>
		<language tag="pt-PT">pt-PT/pt-PT.mod_flexiadmin.ini</language>
	</languages>
	<config>
		<fields name="params" addfieldpath="/modules/mod_flexicontent/elements">
			<fieldset name="basic">		
			<field name="" type="separator" default="FLEXI_ADMIN_NB_ITEM_DISPLAY" level="level1" />				
			<field 					
				name="count" type="list"					
				default="5" label="FLEXI_ADMIN_NBITEM"					
				description="FLEXI_ADMIN_NBITEM">						
				<option	value="1">1</option>						
				<option	value="3">3</option>						
				<option	value="5">5</option>						
				<option	value="10">10</option>						
				<option	value="15">15</option>						
				<option	value="20">20</option>				
			</field>	
			<field 					
				name="column" type="list"					
				default="4" label="FLEXI_ADMIN_COLUMN"					
				description="FLEXI_ADMIN_COLUMN_DESC">						
				<option	value="12">1</option>
				<option	value="6">2</option>				
				<option	value="4">3</option>						
									
			</field>	
			<field name="" type="separator" default="FLEXI_ADMIN_TABS" level="level1" />			
			<field name="displaycustomtab" type="radio" default="1" label="FLEXI_ADMIN_TABS_CUSTOM" description="FLEXI_ADMIN_TABS_CUSTOM_DESC" class="btn-group btn-group-yesno">
				<option value="0">FLEXI_NO</option>
				<option value="1">FLEXI_YES</option>
			</field>				
			<field name="displaycreattab" type="radio" default="1" label="FLEXI_ADMIN_TABS_CREATE" description="FLEXI_ADMIN_DISPLAYBLOCK_REVISED_DESC" class="btn-group btn-group-yesno">					
				<option value="0">FLEXI_NO</option>					
				<option value="1">FLEXI_YES</option>				
			</field>				
			<field name="displaymanagetab" type="radio" default="1" label="FLEXI_ADMIN_TABS_MANAGE" description="FLEXI_ADMIN_DISPLAYBLOCK_INPROGRESS_DESC" class="btn-group btn-group-yesno">					
				<option value="0">FLEXI_NO</option>					
				<option value="1">FLEXI_YES</option>				
			</field>				
			<field name="displayadmintab" type="radio" default="1" label="FLEXI_ADMIN_TABS_ADMIN" description="FLEXI_ADMIN_DISPLAYBLOCK_DRAFT_DESC" class="btn-group btn-group-yesno">					
				<option value="0">FLEXI_NO</option>					
				<option value="1">FLEXI_YES</option>				
			</field>				
			
		<field name="" type="separator" default="FLEXI_ADMIN_BLOCK_DISPLAY" level="level1" />			
			<field name="hiddepending" type="radio" default="1" label="FLEXI_ADMIN_DISPLAYBLOCK_PENDING" description="FLEXI_ADMIN_DISPLAYBLOCK_PENDING_DESC" class="btn-group btn-group-yesno">
				<option value="0">FLEXI_NO</option>
				<option value="1">FLEXI_YES</option>
			</field>				
			<field name="hidderevised" type="radio" default="1" label="FLEXI_ADMIN_DISPLAYBLOCK_REVISED" description="FLEXI_ADMIN_DISPLAYBLOCK_REVISED_DESC" class="btn-group btn-group-yesno">					
				<option value="0">FLEXI_NO</option>					
				<option value="1">FLEXI_YES</option>				
			</field>				
			<field name="hiddeinprogess" type="radio" default="1" label="FLEXI_ADMIN_DISPLAYBLOCK_INPROGRESS" description="FLEXI_ADMIN_DISPLAYBLOCK_INPROGRESS_DESC" class="btn-group btn-group-yesno">					
				<option value="0">FLEXI_NO</option>					
				<option value="1">FLEXI_YES</option>				
			</field>				
			<field name="hiddedraft" type="radio" default="1" label="FLEXI_ADMIN_DISPLAYBLOCK_DRAFT" description="FLEXI_ADMIN_DISPLAYBLOCK_DRAFT_DESC" class="btn-group btn-group-yesno">					
				<option value="0">FLEXI_NO</option>					
				<option value="1">FLEXI_YES</option>				
			</field>				
			<field name="hiddeyouritem" type="radio" default="1" label="FLEXI_ADMIN_DISPLAYBLOCK_YOURITEM" description="FLEXI_ADMIN_DISPLAYBLOCK_YOURITEM_DESC" class="btn-group btn-group-yesno">					
				<option value="0">FLEXI_NO</option>					
				<option value="1">FLEXI_YES</option>				
			</field>				
			<field name="hiddetrashed" type="radio" default="1" label="FLEXI_ADMIN_DISPLAYBLOCK_TRASHED" description="FLEXI_ADMIN_DISPLAYBLOCK_TRASHED_DESC" class="btn-group btn-group-yesno">					
				<option value="0">FLEXI_NO</option>					
				<option value="1">FLEXI_YES</option>				
			</field>
			<field name="" type="separator" default="FLEXI_ADMIN_BLOCKCUSTOM_DESC" level="level1" />
				<field name="" type="separator" default="FLEXI_ADMIN_BLOCKCUSTOM1" level="level2" />
					<field name="nameblockcustom1" type="text" label="FLEXI_ADMIN_BLOCKCUSTOM1" description="FLEXI_ADMIN_BLOCKCUSTOM_DESC" />
					<field name="catidlist1" type="flexicategories" multiple="false" label="FLEXI_ADMIN_CAT" description="FLEXI_ADMIN_CAT_DESC" />
				<field name="" type="separator" default="FLEXI_ADMIN_BLOCKCUSTOM2" level="level2" />
					<field name="nameblockcustom2" type="text" label="FLEXI_ADMIN_BLOCKCUSTOM2" description="FLEXI_ADMIN_BLOCKCUSTOM_DESC" />
					<field name="catidlist2" type="flexicategories" multiple="false" label="FLEXI_ADMIN_CAT" description="FLEXI_ADMIN_CAT_DESC" />
				<field name="" type="separator" default="FLEXI_ADMIN_BLOCKCUSTOM3" level="level2" />
					<field name="nameblockcustom3" type="text" label="FLEXI_ADMIN_BLOCKCUSTOM3" description="FLEXI_ADMIN_BLOCKCUSTOM_DESC" />
					<field name="catidlist3" type="flexicategories" multiple="false" label="FLEXI_ADMIN_CAT" description="FLEXI_ADMIN_CAT_DESC" />
				<field name="" type="separator" default="FLEXI_ADMIN_BLOCKCUSTOM4" level="level2" />
					<field name="nameblockcustom4" type="text" label="FLEXI_ADMIN_BLOCKCUSTOM4" description="FLEXI_ADMIN_BLOCKCUSTOM_DESC" />
					<field name="catidlist4" type="flexicategories" multiple="false" label="FLEXI_ADMIN_CAT" description="FLEXI_ADMIN_CAT_DESC" />
				<field name="" type="separator" default="FLEXI_ADMIN_BLOCKCUSTOM5" level="level2" />
					<field name="nameblockcustom5" type="text" label="FLEXI_ADMIN_BLOCKCUSTOM5" description="FLEXI_ADMIN_BLOCKCUSTOM_DESC" />
					<field name="catidlist5" type="flexicategories" multiple="false" label="FLEXI_ADMIN_CAT" description="FLEXI_ADMIN_CAT_DESC" />
				<field name="" type="separator" default="FLEXI_ADMIN_BLOCKCUSTOM6" level="level2" />
					<field name="nameblockcustom6" type="text" label="FLEXI_ADMIN_BLOCKCUSTOM6" description="FLEXI_ADMIN_BLOCKCUSTOM_DESC" />
					<field name="catidlist6" type="flexicategories" multiple="false" label="FLEXI_ADMIN_CAT" description="FLEXI_ADMIN_CAT_DESC" />
				<field name="" type="separator" default="FLEXI_ADMIN_BLOCKCUSTOM7" level="level2" />
					<field name="nameblockcustom7" type="text" label="FLEXI_ADMIN_BLOCKCUSTOM7" description="FLEXI_ADMIN_BLOCKCUSTOM_DESC" />
					<field name="catidlist7" type="flexicategories" multiple="false" label="FLEXI_ADMIN_CAT" description="FLEXI_ADMIN_CAT_DESC" />
				<field name="" type="separator" default="FLEXI_ADMIN_BLOCKCUSTOM8" level="level2" />
					<field name="nameblockcustom8" type="text" label="FLEXI_ADMIN_BLOCKCUSTOM8" description="FLEXI_ADMIN_BLOCKCUSTOM_DESC" />
					<field name="catidlist8" type="flexicategories" multiple="false" label="FLEXI_ADMIN_CAT" description="FLEXI_ADMIN_CAT_DESC" />
				<field name="" type="separator" default="FLEXI_ADMIN_BLOCKCUSTOM9" level="level2" />
					<field name="nameblockcustom9" type="text" label="FLEXI_ADMIN_BLOCKCUSTOM9" description="FLEXI_ADMIN_BLOCKCUSTOM_DESC" />
					<field name="catidlist9" type="flexicategories" multiple="false" label="FLEXI_ADMIN_CAT" description="FLEXI_ADMIN_CAT_DESC" />
				<field name="" type="separator" default="FLEXI_ADMIN_BLOCKCUSTOM10" level="level2" />
					<field name="nameblockcustom10" type="text" label="FLEXI_ADMIN_BLOCKCUSTOM10" description="FLEXI_ADMIN_BLOCKCUSTOM_DESC" />
					<field name="catidlist10" type="flexicategories" multiple="false" label="FLEXI_ADMIN_CAT" description="FLEXI_ADMIN_CAT_DESC" />
			</fieldset>	
			<fieldset name="custom_tab" label="FLEXI_ADMIN_CUSTOM_TAB" description="FLEXI_ADMIN_CUSTOM_TAB_DESC">
				<field name="nametab" type="text"  default="FLEXI_ADMIN_CUSTOM_TAB_NAME" label="FLEXI_ADMIN_NAME_TAB" description="FLEXI_ADMIN_NAME_TAB_DESC" />
				<field name="" type="separator" default="FLEXI_ADMIN_BUTTON_ITEM_ADD" level="level1" />
					<field name="" type="separator" default="FLEXI_ADMIN_BUTTON_ITEM_ADD1" level="level2" />
						<field name="namebutton1" type="text" label="FLEXI_ADMIN_NAME_BUTTON" description="FLEXI_ADMIN_NAME_BUTTON_DESC" />
						<field name="types1" type="types" multiple="false" size="5" label="FLEXI_ADMIN_TYPES" description="FLEXI_ADMIN_TYPES_DESC" />
						<field name="catids1" type="flexicategories" multiple="false" label="FLEXI_ADMIN_CAT" description="FLEXI_ADMIN_CAT_DESC" />
					<field name="" type="separator" default="FLEXI_ADMIN_BUTTON_ITEM_ADD2" level="level2" />
						<field name="namebutton2" type="text" label="FLEXI_ADMIN_NAME_BUTTON" description="FLEXI_ADMIN_NAME_BUTTON_DESC" />
						<field name="types2" type="types" multiple="false" size="5" label="FLEXI_ADMIN_TYPES" description="FLEXI_ADMIN_TYPES_DESC" />
						<field name="catids2" type="flexicategories" multiple="false" label="FLEXI_ADMIN_CAT" description="FLEXI_ADMIN_CAT_DESC" />
					<field name="" type="separator" default="FLEXI_ADMIN_BUTTON_ITEM_ADD3" level="level2" />
						<field name="namebutton3" type="text" label="FLEXI_ADMIN_NAME_BUTTON" description="FLEXI_ADMIN_NAME_BUTTON_DESC" />
						<field name="types3" type="types" multiple="false" size="5" label="FLEXI_ADMIN_TYPES" description="FLEXI_ADMIN_TYPES_DESC" />
						<field name="catids3" type="flexicategories" multiple="false" label="FLEXI_ADMIN_CAT" description="FLEXI_ADMIN_CAT_DESC" />
					<field name="" type="separator" default="FLEXI_ADMIN_BUTTON_ITEM_ADD4" level="level2" />
						<field name="namebutton4" type="text" label="FLEXI_ADMIN_NAME_BUTTON" description="FLEXI_ADMIN_NAME_BUTTON_DESC" />
						<field name="types4" type="types" multiple="false" size="5" label="FLEXI_ADMIN_TYPES" description="FLEXI_ADMIN_TYPES_DESC" />
						<field name="catids4" type="flexicategories" multiple="false" label="FLEXI_ADMIN_CAT" description="FLEXI_ADMIN_CAT_DESC" />
					<field name="" type="separator" default="FLEXI_ADMIN_BUTTON_ITEM_ADD5" level="level2" />
						<field name="namebutton5" type="text" label="FLEXI_ADMIN_NAME_BUTTON" description="FLEXI_ADMIN_NAME_BUTTON_DESC" />
						<field name="types5" type="types" multiple="false" size="5" label="FLEXI_ADMIN_TYPES" description="FLEXI_ADMIN_TYPES_DESC" />
						<field name="catids5" type="flexicategories" multiple="false" label="FLEXI_ADMIN_CAT" description="FLEXI_ADMIN_CAT_DESC" />
					<field name="" type="separator" default="FLEXI_ADMIN_BUTTON_ITEM_ADD6" level="level2" />
						<field name="namebutton6" type="text" label="FLEXI_ADMIN_NAME_BUTTON" description="FLEXI_ADMIN_NAME_BUTTON_DESC" />
						<field name="types6" type="types" multiple="false" size="5" label="FLEXI_ADMIN_TYPES" description="FLEXI_ADMIN_TYPES_DESC" />
						<field name="catids6" type="flexicategories" multiple="false" label="FLEXI_ADMIN_CAT" description="FLEXI_ADMIN_CAT_DESC" />
					<field name="" type="separator" default="FLEXI_ADMIN_BUTTON_ITEM_ADD7" level="level2" />
						<field name="namebutton7" type="text" label="FLEXI_ADMIN_NAME_BUTTON" description="FLEXI_ADMIN_NAME_BUTTON_DESC" />
						<field name="types7" type="types" multiple="false" size="5" label="FLEXI_ADMIN_TYPES" description="FLEXI_ADMIN_TYPES_DESC" />
						<field name="catids7" type="flexicategories" multiple="false" label="FLEXI_ADMIN_CAT" description="FLEXI_ADMIN_CAT_DESC" />
					<field name="" type="separator" default="FLEXI_ADMIN_BUTTON_ITEM_ADD8" level="level2" />
						<field name="namebutton8" type="text" label="FLEXI_ADMIN_NAME_BUTTON" description="FLEXI_ADMIN_NAME_BUTTON_DESC" />
						<field name="types8" type="types" multiple="false" size="5" label="FLEXI_ADMIN_TYPES" description="FLEXI_ADMIN_TYPES_DESC" />
						<field name="catids8" type="flexicategories" multiple="false" label="FLEXI_ADMIN_CAT" description="FLEXI_ADMIN_CAT_DESC" />
					<field name="" type="separator" default="FLEXI_ADMIN_BUTTON_ITEM_ADD9" level="level2" />
						<field name="namebutton9" type="text" label="FLEXI_ADMIN_NAME_BUTTON" description="FLEXI_ADMIN_NAME_BUTTON_DESC" />
						<field name="types9" type="types" multiple="false" size="5" label="FLEXI_ADMIN_TYPES" description="FLEXI_ADMIN_TYPES_DESC" />
						<field name="catids9" type="flexicategories" multiple="false" label="FLEXI_ADMIN_CAT" description="FLEXI_ADMIN_CAT_DESC" />
					<field name="" type="separator" default="FLEXI_ADMIN_BUTTON_ITEM_ADD10" level="level2" />
						<field name="namebutton10" type="text" label="FLEXI_ADMIN_NAME_BUTTON" description="FLEXI_ADMIN_NAME_BUTTON_DESC" />
						<field name="types10" type="types" multiple="false" size="5" label="FLEXI_ADMIN_TYPES" description="FLEXI_ADMIN_TYPES_DESC" />
						<field name="catids10" type="flexicategories" multiple="false" label="FLEXI_ADMIN_CAT" description="FLEXI_ADMIN_CAT_DESC" />
				<field name="" type="separator" default="FLEXI_ADMIN_CAT_FILTERING" level="level1" />
					<field name="" type="separator" default="FLEXI_ADMIN_CAT_FILTERING1" level="level2" />
						<field name="namecatfilter1" type="text" label="FLEXI_ADMIN_NAME_BUTTON" description="FLEXI_ADMIN_NAME_BUTTON_DESC" />
						<field name="filtercatids1" type="flexicategories" multiple="false" label="FLEXI_ADMIN_CAT" description="FLEXI_ADMIN_CAT_DESC" />
					<field name="" type="separator" default="FLEXI_ADMIN_CAT_FILTERING2" level="level2" />
						<field name="namecatfilter2" type="text" label="FLEXI_ADMIN_NAME_BUTTON" description="FLEXI_ADMIN_NAME_BUTTON_DESC" />
						<field name="filtercatids2" type="flexicategories" multiple="false" label="FLEXI_ADMIN_CAT" description="FLEXI_ADMIN_CAT_DESC" />
					<field name="" type="separator" default="FLEXI_ADMIN_CAT_FILTERING3" level="level2" />
						<field name="namecatfilter3" type="text" label="FLEXI_ADMIN_NAME_BUTTON" description="FLEXI_ADMIN_NAME_BUTTON_DESC" />
						<field name="filtercatids3" type="flexicategories" multiple="false" label="FLEXI_ADMIN_CAT" description="FLEXI_ADMIN_CAT_DESC" />
					<field name="" type="separator" default="FLEXI_ADMIN_CAT_FILTERING4" level="level2" />
						<field name="namecatfilter4" type="text" label="FLEXI_ADMIN_NAME_BUTTON" description="FLEXI_ADMIN_NAME_BUTTON_DESC" />
						<field name="filtercatids4" type="flexicategories" multiple="false" label="FLEXI_ADMIN_CAT" description="FLEXI_ADMIN_CAT_DESC" />
					<field name="" type="separator" default="FLEXI_ADMIN_CAT_FILTERING5" level="level2" />
						<field name="namecatfilter5" type="text" label="FLEXI_ADMIN_NAME_BUTTON" description="FLEXI_ADMIN_NAME_BUTTON_DESC" />
						<field name="filtercatids5" type="flexicategories" multiple="false" label="FLEXI_ADMIN_CAT" description="FLEXI_ADMIN_CAT_DESC" />
					<field name="" type="separator" default="FLEXI_ADMIN_CAT_FILTERING6" level="level2" />
						<field name="namecatfilter6" type="text" label="FLEXI_ADMIN_NAME_BUTTON" description="FLEXI_ADMIN_NAME_BUTTON_DESC" />
						<field name="filtercatids6" type="flexicategories" multiple="false" label="FLEXI_ADMIN_CAT" description="FLEXI_ADMIN_CAT_DESC" />
					<field name="" type="separator" default="FLEXI_ADMIN_CAT_FILTERING7" level="level2" />
						<field name="namecatfilter7" type="text" label="FLEXI_ADMIN_NAME_BUTTON" description="FLEXI_ADMIN_NAME_BUTTON_DESC" />
						<field name="filtercatids7" type="flexicategories" multiple="false" label="FLEXI_ADMIN_CAT" description="FLEXI_ADMIN_CAT_DESC" />
					<field name="" type="separator" default="FLEXI_ADMIN_CAT_FILTERING8" level="level2" />
						<field name="namecatfilter8" type="text" label="FLEXI_ADMIN_NAME_BUTTON" description="FLEXI_ADMIN_NAME_BUTTON_DESC" />
						<field name="filtercatids8" type="flexicategories" multiple="false" label="FLEXI_ADMIN_CAT" description="FLEXI_ADMIN_CAT_DESC" />
					<field name="" type="separator" default="FLEXI_ADMIN_CAT_FILTERING9" level="level2" />
						<field name="namecatfilter9" type="text" label="FLEXI_ADMIN_NAME_BUTTON" description="FLEXI_ADMIN_NAME_BUTTON_DESC" />
						<field name="filtercatids9" type="flexicategories" multiple="false" label="FLEXI_ADMIN_CAT" description="FLEXI_ADMIN_CAT_DESC" />
					<field name="" type="separator" default="FLEXI_ADMIN_CAT_FILTERING10" level="level2" />
						<field name="namecatfilter10" type="text" label="FLEXI_ADMIN_NAME_BUTTON" description="FLEXI_ADMIN_NAME_BUTTON_DESC" />
						<field name="filtercatids10" type="flexicategories" multiple="false" label="FLEXI_ADMIN_CAT" description="FLEXI_ADMIN_CAT_DESC" />
				<field name="" type="separator" default="FLEXI_ADMIN_ITEM_EDIT" level="level1" />
					<field name="" type="separator" default="FLEXI_ADMIN_ITEM_EDIT1" level="level2" />
						<field name="nameitemedit1" type="text" label="FLEXI_ADMIN_NAME_BUTTON" description="FLEXI_ADMIN_NAME_BUTTON_DESC" />
						<field name="itemid1" type="text" size="5" label="FLEXI_ADMIN_ITEM" description="FLEXI_ADMIN_ITEM_DESC" />
					<field name="" type="separator" default="FLEXI_ADMIN_ITEM_EDIT2" level="level2" />
						<field name="nameitemedit2" type="text" label="FLEXI_ADMIN_NAME_BUTTON" description="FLEXI_ADMIN_NAME_BUTTON_DESC" />
						<field name="itemid2" type="text" size="5" label="FLEXI_ADMIN_ITEM" description="FLEXI_ADMIN_ITEM_DESC" />
					<field name="" type="separator" default="FLEXI_ADMIN_ITEM_EDIT3" level="level2" />
						<field name="nameitemedit3" type="text" label="FLEXI_ADMIN_NAME_BUTTON" description="FLEXI_ADMIN_NAME_BUTTON_DESC" />
						<field name="itemid3" type="text" size="5" label="FLEXI_ADMIN_ITEM" description="FLEXI_ADMIN_ITEM_DESC" />
					<field name="" type="separator" default="FLEXI_ADMIN_ITEM_EDIT4" level="level2" />
						<field name="nameitemedit4" type="text" label="FLEXI_ADMIN_NAME_BUTTON" description="FLEXI_ADMIN_NAME_BUTTON_DESC" />
						<field name="itemid4" type="text" size="5" label="FLEXI_ADMIN_ITEM" description="FLEXI_ADMIN_ITEM_DESC" />
					<field name="" type="separator" default="FLEXI_ADMIN_ITEM_EDIT5" level="level2" />
						<field name="nameitemedit5" type="text" label="FLEXI_ADMIN_NAME_BUTTON" description="FLEXI_ADMIN_NAME_BUTTON_DESC" />
						<field name="itemid5" type="text" size="5" label="FLEXI_ADMIN_ITEM" description="FLEXI_ADMIN_ITEM_DESC" />
					<field name="" type="separator" default="FLEXI_ADMIN_ITEM_EDIT6" level="level2" />
						<field name="nameitemedit6" type="text" label="FLEXI_ADMIN_NAME_BUTTON" description="FLEXI_ADMIN_NAME_BUTTON_DESC" />
						<field name="itemid6" type="text" size="5" label="FLEXI_ADMIN_ITEM" description="FLEXI_ADMIN_ITEM_DESC" />
					<field name="" type="separator" default="FLEXI_ADMIN_ITEM_EDIT7" level="level2" />
						<field name="nameitemedit7" type="text" label="FLEXI_ADMIN_NAME_BUTTON" description="FLEXI_ADMIN_NAME_BUTTON_DESC" />
						<field name="itemid7" type="text" size="5" label="FLEXI_ADMIN_ITEM" description="FLEXI_ADMIN_ITEM_DESC" />
					<field name="" type="separator" default="FLEXI_ADMIN_ITEM_EDIT8" level="level2" />
						<field name="nameitemedit8" type="text" label="FLEXI_ADMIN_NAME_BUTTON" description="FLEXI_ADMIN_NAME_BUTTON_DESC" />
						<field name="itemid8" type="text" size="5" label="FLEXI_ADMIN_ITEM" description="FLEXI_ADMIN_ITEM_DESC" />
					<field name="" type="separator" default="FLEXI_ADMIN_ITEM_EDIT9" level="level2" />
						<field name="nameitemedit9" type="text" label="FLEXI_ADMIN_NAME_BUTTON" description="FLEXI_ADMIN_NAME_BUTTON_DESC" />
						<field name="itemid9" type="text" size="5" label="FLEXI_ADMIN_ITEM" description="FLEXI_ADMIN_ITEM_DESC" />
					<field name="" type="separator" default="FLEXI_ADMIN_ITEM_EDIT10" level="level2" />
						<field name="nameitemedit10" type="text" label="FLEXI_ADMIN_NAME_BUTTON" description="FLEXI_ADMIN_NAME_BUTTON_DESC" />
						<field name="itemid10" type="text" size="5" label="FLEXI_ADMIN_ITEM" description="FLEXI_ADMIN_ITEM_DESC" />
					

			</fieldset>	
			<fieldset name="creation_tab" label="FLEXI_ADMIN_CREATION_TAB" description="FLEXI_ADMIN_CREATION_TAB_DESC">			
			
			</fieldset>
			<fieldset name="gestion_tab" label="FLEXI_ADMIN_GESTION_TAB" description="FLEXI_ADMIN_GESTION_TAB_DESC">			
				<field name="hiddebuttonmanageitems" type="radio" default="1"      label="FLEXI_ADMIN_DISPLAYBUTTON_MANAGEITEMS"              description="FLEXI_ADMIN_DISPLAYBUTTON_MANAGEITEMS_DESC" class="btn-group btn-group-yesno">
					<option value="0">FLEXI_NO</option>
					<option value="1">FLEXI_YES</option>
				</field>	
				<field name="hiddebuttonmanagecategories" type="radio" default="1" label="FLEXI_ADMIN_DISPLAYBUTTON_BUTTONMANAGECATEGORIES"   description="FLEXI_ADMIN_DISPLAYBUTTON_BUTTONMANAGECATEGORIES_DESC" class="btn-group btn-group-yesno">
					<option value="0">FLEXI_NO</option>
					<option value="1">FLEXI_YES</option>
				</field>	

				<field name="hiddebuttonmanagetags" type="radio" default="1"       label="FLEXI_ADMIN_DISPLAYBUTTON_HIDDEBUTTONMANAGETAGS"    description="FLEXI_ADMIN_DISPLAYBUTTON_HIDDEBUTTONMANAGETAGS_DESC" class="btn-group btn-group-yesno">
					<option value="0">FLEXI_NO</option>
					<option value="1">FLEXI_YES</option>
				</field>	

				<field name="hiddebuttonmanageauthors" type="radio" default="1"    label="FLEXI_ADMIN_DISPLAYBUTTON_HIDDEBUTTONMANAGEAUTHORS" description="FLEXI_ADMIN_DISPLAYBUTTON_HIDDEBUTTONMANAGEAUTHORS_DESC" class="btn-group btn-group-yesno">
					<option value="0">FLEXI_NO</option>
					<option value="1">FLEXI_YES</option>
				</field>	
				<field name="hiddebuttonmanagegroups" type="radio" default="1"     label="FLEXI_ADMIN_DISPLAYBUTTON_HIDDEBUTTONMANAGEGROUPS"  description="FLEXI_ADMIN_DISPLAYBUTTON_HIDDEBUTTONMANAGEGROUPS_DESC" class="btn-group btn-group-yesno">
					<option value="0">FLEXI_NO</option>
					<option value="1">FLEXI_YES</option>
				</field>	
			</fieldset>
			<fieldset name="administration_tab" label="FLEXI_ADMIN_ADMIN_TAB" description="FLEXI_ADMIN_ADMIN_TAB_DESC">			
				<field name="hiddebuttonimportcontent" type="radio" default="1"    label="FLEXI_ADMIN_DISPLAYBUTTON_HIDDEBUTTONIMPORTCONTENT" description="FLEXI_ADMIN_DISPLAYBUTTON_HIDDEBUTTONIMPORTCONTENT_DESC" class="btn-group btn-group-yesno">
					<option value="0">FLEXI_NO</option>
					<option value="1">FLEXI_YES</option>
				</field>	
				<field name="hiddebuttonstats" type="radio" default="1"            label="FLEXI_ADMIN_DISPLAYBUTTON_HIDDEBUTTONSTATS"         description="FLEXI_ADMIN_DISPLAYBUTTON_HIDDEBUTTONSTATS_DESC" class="btn-group btn-group-yesno">
					<option value="0">FLEXI_NO</option>
					<option value="1">FLEXI_YES</option>
				</field>	
				<field name="hiddebuttonindex" type="radio" default="1"            label="FLEXI_ADMIN_DISPLAYBUTTON_HIDDEBUTTONINDEX"         description="FLEXI_ADMIN_DISPLAYBUTTON_HIDDEBUTTONINDEX_DESC" class="btn-group btn-group-yesno">
					<option value="0">FLEXI_NO</option>
					<option value="1">FLEXI_YES</option>
				</field>	
							<field name="hiddebuttonmanagefields" type="radio" default="1"     label="FLEXI_ADMIN_DISPLAYBUTTON_HIDDEBUTTONMANAGEFIELDS"  description="FLEXI_ADMIN_DISPLAYBUTTON_HIDDEBUTTONMANAGEFIELDS_DESC" class="btn-group btn-group-yesno">
					<option value="0">FLEXI_NO</option>
					<option value="1">FLEXI_YES</option>
				</field>	
				<field name="hiddebuttonmanagetypes" type="radio" default="1"      label="FLEXI_ADMIN_DISPLAYBUTTON_HIDDEBUTTONMANAGETYPES"   description="FLEXI_ADMIN_DISPLAYBUTTON_HIDDEBUTTONMANAGETYPES_DESC" class="btn-group btn-group-yesno">
					<option value="0">FLEXI_NO</option>
					<option value="1">FLEXI_YES</option>
				</field>	
			</fieldset>
			<fieldset name="advanced">
				<field
					name="layout" type="modulelayout"
					label="Type de mise en page"
					description="Utiliser la mise en page souhaitée" />
				<field
					name="moduleclass_sfx" type="text"
					label="Suffixe de classe CSS"
					description="Suffixe à ajouter à la classe CSS du module pour le personnaliser" />
			</fieldset>
		</fields>
	</config>
</extension>