<?xml version="1.0" encoding="utf-8"?>
<extension 
	type="module" 
	version="3.0" 
	client="administrator" 
	method="upgrade">
	<name>mod_flexiadmin</name>
	<author>Berges Yannick</author>
	<creationDate>juin 2014</creationDate>
	<authorEmail>yannick@com3elles.com</authorEmail>
	<authorUrl>www.com3elles.com</authorUrl>
	<version>0.1.0</version>
	<copyright>Copyright (C) 2005 - 2014 Open Source Matters. All rights reserved.</copyright>
	<license>GNU General Public License version 2 or later; see LICENSE.txt</license>
	<description>FLEXI_ADMIN_DESC</description>
	<files>
		<filename module="mod_flexiadmin">mod_flexiadmin.php</filename>
		<folder>tmpl</folder>
		<folder>language</folder>
		<folder>assets</folder>
		<filename>helper.php</filename>
		<filename>index.html</filename>
	<filename>mod_flexiadmin.xml</filename>
	</files>
	<config>
		<fields name="params">
			<fieldset name="basic">				
			<field 					
				name="count" type="list"					
				default="5" label="FLEXI_ADMIN_NBITEM"					
				description="FLEXI_ADMIN_NBITEM">						
				<option	value="1">1</option>						
				<option	value="3">3</option>						
				<option	value="5">5</option>						
				<option	value="10">10</option>						
				<option	value="15">15</option>						
				<option	value="20">20</option>				
			</field>								
			<field name="hiddepending" type="radio" default="1" label="FLEXI_ADMIN_DISPLAYBLOCK_PENDING" description="FLEXI_ADMIN_DISPLAYBLOCK_PENDING_DESC" class="btn-group btn-group-yesno">
				<option value="0">FLEXI_NO</option>
				<option value="1">FLEXI_YES</option>
			</field>				
			<field name="hidderevised" type="radio" default="1" label="FLEXI_ADMIN_DISPLAYBLOCK_REVISED" description="FLEXI_ADMIN_DISPLAYBLOCK_REVISED_DESC" class="btn-group btn-group-yesno">					
				<option value="0">FLEXI_NO</option>					
				<option value="1">FLEXI_YES</option>				
			</field>				
			<field name="hiddeinprogess" type="radio" default="1" label="FLEXI_ADMIN_DISPLAYBLOCK_INPROGRESS" description="FLEXI_ADMIN_DISPLAYBLOCK_INPROGRESS_DESC" class="btn-group btn-group-yesno">					
				<option value="0">FLEXI_NO</option>					
				<option value="1">FLEXI_YES</option>				
			</field>				
			<field name="hiddedraft" type="radio" default="1" label="FLEXI_ADMIN_DISPLAYBLOCK_DRAFT" description="FLEXI_ADMIN_DISPLAYBLOCK_DRAFT_DESC" class="btn-group btn-group-yesno">					
				<option value="0">FLEXI_NO</option>					
				<option value="1">FLEXI_YES</option>				
			</field>				
			<field name="hiddeyouritem" type="radio" default="1" label="FLEXI_ADMIN_DISPLAYBLOCK_YOURITEM" description="FLEXI_ADMIN_DISPLAYBLOCK_YOURITEM_DESC" class="btn-group btn-group-yesno">					
				<option value="0">FLEXI_NO</option>					
				<option value="1">FLEXI_YES</option>				
			</field>				
			<field name="hiddetrashed" type="radio" default="1" label="FLEXI_ADMIN_DISPLAYBLOCK_TRASHED" description="FLEXI_ADMIN_DISPLAYBLOCK_TRASHED_DESC" class="btn-group btn-group-yesno">					
				<option value="0">FLEXI_NO</option>					
				<option value="1">FLEXI_YES</option>				
			</field>
			</fieldset>			
			<fieldset name="advanced">
				<field
					name="layout" type="modulelayout"
					label="Type de mise en page"
					description="Utiliser la mise en page souhaitée" />
				<field
					name="moduleclass_sfx" type="text"
					label="Suffixe de classe CSS"
					description="Suffixe à ajouter à la classe CSS du module pour le personnaliser" />
			</fieldset>
		</fields>
	</config>
</extension>